pos, 0.5395651549326131, person(httpwwwcsutexaseduusersbhanu)
pos, 0.8718825111494151, person(httpwwwcsutexaseduuserscthomp)
pos, 0.8091558996321906, person(httpwwwcsutexaseduusersalmstrumwelcomehtml)
pos, 0.779778717103544, person(httpwwwcsutexaseduusersmecaliff)
pos, 0.8800874407208515, person(httpwwwcsutexaseduusersdianelaw)
pos, 0.561353072465498, person(httpwwwcsutexaseduuserswarshaw)
pos, 0.7439202639737567, person(httpwwwcsutexaseduusersemery)
pos, 0.6966151438498399, person(httpwwwcsutexaseduuserspahardin)
pos, 0.4864290885871317, person(httpwwwcsutexaseduusersporter)
pos, 0.7303131575821862, person(httpwwwcsutexaseduusersfussell)
pos, 0.6268432221099292, person(httpwwwcsutexaseduuserscxh)
pos, 0.490963685111084, person(httpwwwcsutexaseduusersejp)
pos, 0.4902976761988696, person(httpwwwcsutexaseduusersUTCSreportprofilesmartinhtml)
pos, 0.8250600556416056, person(httpwwwcsutexaseduusersbayardo)
pos, 0.9314045185655926, person(httpwwwcsutexaseduusersyschoe)
pos, 0.8866343496847542, person(httpwwwcsutexaseduusershaizhou)
pos, 0.286729282252865, person(httpwwwcsutexaseduusersgeeta)
pos, 0.6324657945665949, person(httpwwwcsutexaseduuserschuang)
pos, 0.7269121942255868, person(httpwwwcsutexaseduusersndale)
pos, 0.6822559344307598, person(httpwwwcsutexaseduuserslin)
pos, 0.7859582281971449, person(httpwwwcsutexaseduusersbert)
pos, 0.7740203957786007, person(httpwwwcsutexaseduuserscdj)
pos, 0.5016989521481198, person(httpwwwcsutexaseduuserssouther)
pos, 0.3437955188324082, person(httpwwwcsutexaseduusersmallory)
pos, 0.9611662336336746, person(httpwwwcsutexaseduusershewett)
pos, 0.8318009919774156, person(httpwwwcsutexaseduusersjfang)
pos, 0.3761102365762954, person(httpwwwcsutexaseduusersnimar)
pos, 0.5301374397577343, person(httpwwwcsutexaseduusershiep)
pos, 0.4902976761988696, person(httpwwwcsutexaseduusersUTCSreportprofilesdijkstrahtml)
pos, 0.8593142005043586, person(httpwwwcsutexaseduuserswilson)
pos, 0.3463129282358003, person(httpwwwcsutexaseduusersgzhang)
pos, 0.8496266826372421, person(httpwwwcsutexaseduuserszhuqing)
pos, 0.5795620716250838, person(httpwwwcsutexaseduusersluxue)
pos, 0.5915052681419166, person(httpwwwcsutexaseduusersgunther)
pos, 0.7740442341908075, person(httpwwwcsutexaseduusersbogo)
pos, 0.28562798808617934, person(httpwwwcsutexaseduusersxfeng)
pos, 0.7713761798257097, person(httpwwwcsutexaseduusersruweihu)
pos, 0.7296622969604422, person(httpwwwcsutexaseduusersyau)
pos, 0.42341484522229567, person(httpwwwcsutexaseduusersUTCSreportprofilesbrumfieldhtml)
pos, 0.27465440172776423, person(httpwwwcsutexaseduuserscanfield)
pos, 0.4871296904312392, person(httpwwwcsutexaseduusersckpoon)
pos, 0.5477163628607216, person(httpwwwcsutexaseduusersUTCSreportprofilesadalehtml)
pos, 0.6097355311026316, person(httpwwwcsutexaseduuserstaowang)
pos, 0.14877324691208987, person(httpwwwcsutexaseduusersdhs)
pos, 0.8355623774571888, person(httpwwwcsutexaseduuserszhouxiao)
pos, 0.14877324691208987, person(httpwwwcsutexaseduuserstarun)
pos, 0.8594872005873468, person(httpwwwcsutexaseduusersmadhukar)
pos, 0.44580147430569944, person(httpwwwcsutexaseduusersngk)
pos, 0.26007430445229374, person(httpwwwcsutexaseduusersUTCSreportprofilessimmonshtml)
pos, 0.17024074206584047, person(httpwwwcsutexaseduusersUTCSreportprofilesbledsoehtml)
pos, 0.7848254865836907, person(httpwwwcsutexaseduuserskistler)
pos, 0.875109632624701, person(httpwwwcsutexaseduusersdahlin)
pos, 0.5273578046629555, person(httpwwwcsutexaseduuserslorenzo)
pos, 0.6097355311026316, person(httpwwwcsutexaseduusersybliu)
pos, 0.6560069837124366, person(httpwwwcsutexaseduusersskumar)
pos, 0.373072005558998, person(httpwwwcsutexaseduusersmiranker)
pos, 0.23294296749280563, person(httpwwwcsutexaseduusersgajit)
pos, 0.29386465404125345, person(httpwwwcsutexaseduusersvsr)
pos, 0.7073379973909284, person(httpwwwcsutexaseduusershudson)
pos, 0.43396028496847394, person(httpwwwcsutexaseduuserslandrum)
pos, 0.7849048461439754, person(httpwwwcsutexaseduusersclancy)
pos, 0.451733610369506, person(httpwwwcsutexaseduusersyuanjing)
pos, 0.6342133902255325, person(httpwwwcsutexaseduuserswchen)
pos, 0.8373507906799913, person(httpwwwcsutexaseduusersdsb)
pos, 0.7808612461114215, person(httpwwwcsutexaseduuserssriram)
pos, 0.4773033709594199, person(httpwwwcsutexaseduusersson)
pos, 0.3859889208132413, person(httpwwwcsutexaseduusersisheldon)
pos, 0.6097355311026316, person(httpwwwcsutexaseduusersneerajm)
pos, 0.6147447294044998, person(httpwwwcsutexaseduusersobrien)
pos, 0.7833394425261831, person(httpwwwcsutexaseduusersmarco)
pos, 0.8580387818497616, person(httpwwwcsutexaseduuserscnchu)
pos, 0.6670192796167261, person(httpwwwcsutexaseduuserszchen)
pos, 0.9045442490804986, person(httpwwwcsutexaseduusersboyer)
pos, 0.6638067927965893, person(httpwwwcsutexaseduusersrhwang)
pos, 0.5907310951942817, person(httpwwwcsutexaseduusersdamani)
pos, 0.7199700749870726, person(httpwwwcsutexaseduuserssammy)
pos, 0.8808526599526204, person(httpwwwcsutexaseduusersmoriarty)
pos, 0.9027040181918934, person(httpwwwcsutexaseduusershyanbin)
pos, 0.9205427323494931, person(httpwwwcsutexaseduusersaruna)
pos, 0.8998008999364091, person(httpwwwcsutexaseduusershqliu)
pos, 0.7908697512161242, person(httpwwwcsutexaseduusersqiming)
pos, 0.6621301667201899, person(httpwwwcsutexaseduusersqzuo)
pos, 0.6651187489403775, person(httpwwwcsutexaseduusersjadair)
pos, 0.24809201049322147, person(httpwwwcsutexaseduuserspkn)
pos, 0.14877324691208987, person(httpwwwcsutexaseduuserswalbourn)
pos, 0.8005679774265984, person(httpwwwcsutexaseduusersvl)
pos, 0.8141999995921395, person(httpwwwcsutexaseduuserskharker)
pos, 0.31105620289186, person(httpwwwcsutexaseduusersykpei)
pos, 0.8028024053617158, person(httpwwwcsutexaseduusersestlin)
pos, 0.8835491746430466, person(httpwwwcsutexaseduusersmarkj)
pos, 0.8557768476754839, person(httpwwwcsutexaseduusersrraj)
pos, 0.5477163628607216, person(httpwwwcsutexaseduusersUTCSreportprofilesrichardshtml)
pos, 0.9331560569545031, person(httpwwwcsutexaseduusersrvdg)
pos, 0.4628731550556157, person(httpwwwcsutexaseduuserssak)
pos, 0.4902976761988696, person(httpwwwcsutexaseduusersUTCSreportprofilesclinehtml)
pos, 0.686507225773924, person(httpwwwcsutexaseduuserskuipers)
pos, 0.9118544247690913, person(httpwwwcsutexaseduuserscarruth)
pos, 0.5915052681419166, person(httpwwwcsutexaseduusersleekk)
pos, 0.5076514019743111, person(httpwwwcsutexaseduusersesteban)
pos, 0.9322310530485163, person(httpwwwcsutexaseduusersmooney)
pos, 0.34873318290463984, person(httpwwwcsutexaseduusersadams)
pos, 0.6164484122123475, person(httpwwwcsutexaseduusersdastuart)
pos, 0.7881877516631977, person(httpwwwcsutexaseduusersshenoy)
pos, 0.757696000975172, person(httpwwwcsutexaseduusersesra)
pos, 0.8525755022280234, person(httpwwwcsutexaseduusersrdb)
pos, 0.4472406782897621, person(httpwwwcsutexaseduusersvurgun)
pos, 0.6739395034084977, person(httpwwwcsutexaseduusersoguer)
pos, 0.4363700065832785, person(httpwwwcsutexaseduusersUTCSreportprofilesjeneveinhtml)
pos, 0.7377504287136137, person(httpwwwcsutexaseduusersemmawu)
pos, 0.8253027907048586, person(httpwwwcsutexaseduuserscorrel)
pos, 0.40751036138679375, person(httpwwwcsutexaseduuserswalkerh)
pos, 0.46106591610287373, person(httpwwwcsutexaseduuserslavender)
pos, 0.6947222226622537, person(httpwwwcsutexaseduusersjprior)
pos, 0.29386465404125345, person(httpwwwcsutexaseduusersanthony)
pos, 0.32914723995363016, person(httpwwwcsutexaseduusersdwip)
pos, 0.7717200121660626, person(httpwwwcsutexaseduusershaosun)
pos, 0.8785049330499662, person(httpwwwcsutexaseduusersulf)
pos, 0.14877324691208987, person(httpwwwcsutexaseduusersclsy)
pos, 0.8472786274749022, person(httpwwwcsutexaseduusersjyluo)
pos, 0.4928584740779909, person(httpwwwcsutexaseduusersdionisis)
pos, 0.7615047915155414, person(httpwwwcsutexaseduusersyufeng)
pos, 0.6856354038193835, person(httpwwwcsutexaseduuserschjwang)
pos, 0.2713258926956862, person(httpwwwcsutexaseduusersUTCSreportprofilessilberschatzhtml)
pos, 0.42610266566893806, person(httpwwwcsutexaseduuserssfkaplan)
pos, 0.6826442567167698, person(httpwwwcsutexaseduusersccp)
pos, 0.3662659462954624, person(httpwwwcsutexaseduusersunicron)
pos, 0.9504079585583429, person(httpwwwcsutexaseduusersxguo)
pos, 0.2971781254065903, person(httpwwwcsutexaseduuserserkok)
pos, 0.7061431281894314, person(httpwwwcsutexaseduusersagapito)
pos, 0.9324913055255467, person(httpwwwcsutexaseduuserswylee)
pos, 0.6202099925859408, person(httpwwwcsutexaseduuserstumlin)
pos, 0.8846672417544724, person(httpwwwcsutexaseduusersvin)
pos, 0.43936982584241135, person(httpwwwcsutexaseduusersbrowne)
pos, 0.6526395301552297, person(httpwwwcsutexaseduusersjthomas)
pos, 0.7803768562231786, person(httpwwwcsutexaseduusersvipin)
pos, 0.6956581902080778, person(httpwwwcsutexaseduusersgooty)
pos, 0.3013428956468935, person(httpwwwcsutexaseduuserskincaid)
pos, 0.7677134094894432, person(httpwwwcsutexaseduusersvlr)
pos, 0.6822284613282663, person(httpwwwcsutexaseduusersnovak)
pos, 0.3807035308439029, person(httpwwwcsutexaseduuserswkmak)
pos, 0.9123866962878631, person(httpwwwcsutexaseduusersristo)
pos, 0.6947222226622537, person(httpwwwcsutexaseduusersdane)
pos, 0.1512363721648646, person(httpwwwcsutexaseduusersfrancois)
pos, 0.8806039860643622, person(httpwwwcsutexaseduuserssvkakkad)
pos, 0.14877324691208987, person(httpwwwcsutexaseduusersrou)
pos, 0.7857498128162519, person(httpwwwcsutexaseduuserspawang)
pos, 0.4388903236264692, person(httpwwwcsutexaseduuserspecina)
pos, 0.4472406782897621, person(httpwwwcsutexaseduuserseremolin)
pos, 0.7581339219613845, person(httpwwwcsutexaseduuserssawada)
pos, 0.86142830155302, person(httpwwwcsutexaseduuserssunghee)
pos, 0.4634837982348774, person(httpwwwcsutexaseduusersmisra)
pos, 0.5665418916008151, person(httpwwwcsutexaseduusersgyx)
pos, 0.6688516092475204, person(httpwwwcsutexaseduusersmccain)
pos, 0.3468736255336973, person(httpwwwcsutexaseduusersyoung)
pos, 0.6097355311026316, person(httpwwwcsutexaseduusersssinha)
pos, 0.7826347329999452, person(httpwwwcsutexaseduusersvbb)
pos, 0.8890951240227852, person(httpwwwcsutexaseduuserspaulmcq)
pos, 0.4472406782897621, person(httpwwwcsutexaseduusersecamahor)
pos, 0.8442191810128185, person(httpwwwcsutexaseduuserskornerup)
pos, 0.7250345313231685, person(httpwwwcsutexaseduusersrupert)
pos, 0.7483512469332967, person(httpwwwcsutexaseduusersplaxton)
pos, 0.7948787668236997, person(httpwwwcsutexaseduusersckwong)
pos, 0.6097355311026316, person(httpwwwcsutexaseduusersyangyang)
pos, 0.7558804849019455, person(httpwwwcsutexaseduusersshma)
pos, 0.6301525605503585, person(httpwwwcsutexaseduusersotu)
pos, 0.8952148886327649, person(httpwwwcsutexaseduusersliugt)
pos, 0.17173271353980088, person(httpwwwcsutexaseduusersmarkng)
pos, 0.8016487888706672, person(httpwwwcsutexaseduuserssowmya)
pos, 0.607701438693447, person(httpwwwcsutexaseduusersajohn)
pos, 0.8808526599526204, person(httpwwwcsutexaseduusersmartym)
pos, 0.8904880327108218, person(httpwwwcsutexaseduusersmarkus)
pos, 0.5753254261919718, person(httpwwwcsutexaseduuserssmaragd)
pos, 0.4902976761988696, person(httpwwwcsutexaseduusersUTCSreportprofilesgallagherhtml)
pos, 0.47508480973365186, person(httpwwwcsutexaseduuserscpg)
pos, 0.6641046298020813, person(httpwwwcsutexaseduuserslam)
pos, 0.7905844161036374, person(httpwwwcsutexaseduusersjbednar)
pos, 0.35292609214669163, person(httpwwwcsutexaseduusersgunnels)
pos, 0.5735847410063166, person(httpwwwcsutexaseduuserskedar)
pos, 0.23842041258596874, person(httpwwwcsutexaseduusersUTCSreportprofilesjwerthhtml)
pos, 0.9250137596258003, person(httpwwwcsutexaseduusersmwbarnes)
pos, 0.4472406782897621, person(httpwwwcsutexaseduusersashis)
pos, 0.33165962875765187, person(httpwwwcsutexaseduusersemerson)
pos, 0.7869713257017847, person(httpwwwcsutexaseduuserstewari)
pos, 0.9189371820946675, person(httpwwwcsutexaseduuserssyu)
pos, 0.9432863161872868, person(httpwwwcsutexaseduuserstwang)
pos, 0.5468672766404122, person(httpwwwcsutexaseduusersjbc)
pos, 0.5822510172316092, person(httpwwwcsutexaseduusersdiz)
pos, 0.59127655856655, person(httpwwwcsutexaseduuserspadgett)
pos, 0.9268400315343854, person(httpwwwcsutexaseduuserschaput)
pos, 0.14877324691208987, person(httpwwwcsutexaseduusersxie)
pos, 0.8940815397493268, person(httpwwwcsutexaseduusersyonglu)
pos, 0.16513884983208046, person(httpwwwcsutexaseduusersgouda)
pos, 0.4063576238102914, person(httpwwwcsutexaseduuserslwerth)
pos, 0.5477163628607216, person(httpwwwcsutexaseduusersUTCSreportprofilesedmondsonhtml)
pos, 0.28562798808617934, person(httpwwwcsutexaseduusersgokul)
pos, 0.3305760054378109, person(httpwwwcsutexaseduusersUTCSreportprofilesmokhtml)
pos, 0.9222044773516289, person(httpwwwcsutexaseduusersrtan)
neg, 0.11675953825902213, person(httpwwwcsutexaseduusersmldolphinhtml)
neg, 0.39691204324931006, person(httpwwwcsutexaseduuserssowmyapubshtml)
neg, 0.5135308307425526, person(httpwwwcsutexaseduuserssammywwhwwhhtml)
neg, 0.16314008500724755, person(httpwwwmautexaseduusersbshultsATPrelatedlinkshtml)
neg, 0.5981681872311089, person(httpwwwcsutexaseduusersUTCSreportprofiles)
neg, 0.1479878996365973, person(httpwwwcsutexaseduusersfrancoiscgifortcgi)
neg, 0.14877324691208987, person(httpwwwcsutexaseduusersgzhangcgidisdatacgi)
neg, 0.15028575908645428, person(httpwwwcsutexaseduuserskornerupcshomeworks)
neg, 0.6046835463799284, person(httpwwwcsutexaseduuserspetesyllabushtml)
neg, 0.1739051828747795, person(httpwwwcsutexaseduusersqralgyaclhtml)
neg, 0.719871318293078, person(httpwwwcsutexaseduusersailab)
neg, 0.1825899362543811, person(httpwwwcsutexaseduuserscadarchhtml)
neg, 0.28270223218495233, person(httpwwwcsutexaseduusersboyerstudentshtml)
neg, 0.14877324691208987, person(httpwwwcsutexaseduuserstwangmusicmusichtml)
neg, 0.3479607799400447, person(httpwwwcsutexaseduuserslamNRL)
neg, 0.14877324691208987, person(httpwwwcsutexaseduusersdwipcsplectureshtml)
neg, 0.14877324691208987, person(httpwwwcsutexaseduuserslorenzocorsicstF)
neg, 0.14877324691208987, person(httpwwwcsutexaseduusersyufengcswinhwhtml)
neg, 0.0954386326439976, person(httpwwwcsutexaseduusershaizhoutechnicalhtml)
neg, 0.09287840840583099, person(httpwwwcsutexaseduusersmlfortehtml)
neg, 0.2714311490536737, person(httpccwfccutexaseduhksa)
neg, 0.4709486749178617, person(httpwwwcsutexasedudocspersonalhtml)
neg, 0.49016390322520165, person(httpwwwcsutexaseduusersUTCSreportindexhtml)
neg, 0.14877324691208987, person(httpwwwcsutexaseduusershaizhouperiodicalshtml)
neg, 0.6801229948264301, person(httpwwwcsutexaseduuserstwangresumehtml)
neg, 0.38297502133974876, person(httpwwwcsutexaseduusersdwipcspdescriptionhtml)
neg, 0.18948566763683175, person(httpwwwutexaseduresearchutcogsci)
neg, 0.13658275562306263, person(httpwwwcsutexasedudocswebinfohtml)
neg, 0.1697226358982521, person(httpwwwcsutexaseduusersrvdgschedulehtml)
neg, 0.28624143036295546, person(httpwwwcsutexaseduusersqrpapersQRhtml)
neg, 0.09169564883690833, person(httpwwwcsutexaseduusersnovakcsthtml)
neg, 0.3437955188324082, person(httpwwwcsutexaseduusersgyxaddresshtml)
neg, 0.2865721473124781, person(httpwwwcsutexaseduusersndaleinteresthtm)
neg, 0.1485353297193806, person(httpwwwcsutexaseduusersvbbcgirwhoshvbb)
neg, 0.14877324691208987, person(httpwwwcsutexaseduusershseupingJava)
neg, 0.14877324691208987, person(httpwwwcsutexaseduusersyufengcsturninhtml)
neg, 0.2612720711522445, person(httpwwwcsutexaseduusersnovakcsphtml)
neg, 0.5201686399322899, person(httpwwwcsutexaseduusersmarkusuvuvhtml)
neg, 0.09193424641357191, person(httpwwwcsutexaseduusersdahlinClassesWebOS)
neg, 0.11537594156114668, person(httpwwwcsutexaseduuserspspunityhtml)
neg, 0.3265716839101344, person(httpwwwutexasedusearchut)
neg, 0.691248671548597, person(httpwwwcsutexaseduusersxfengcscshtml)
neg, 0.4345053928094168, person(httpwwwcsutexaseduusersclancynetscapehotlisthtml)
neg, 0.2961614495200255, person(httpwwwhostccutexasedunew)
neg, 0.11644030253012105, person(httpwwwcsutexaseduusersnovakcsasghtml)
neg, 0.11807576304669234, person(httpwwwcsutexaseduusersmirankertoverviewhtml)
neg, 0.29673234402522936, person(httpwwwcsutexaseduuserskharkerradiohtml)
neg, 0.23279916893789362, person(httpwwwcsutexaseduusersvipinguestbookhtml)
neg, 0.3096480775112995, person(httpwwwutexasedustudentsacccf)
neg, 0.1302599945769196, person(httpwwwcsutexaseduusersdwipcspdiscussionshtml)
neg, 0.14877324691208987, person(httpwwwcsutexaseduusersmlpicturehtml)
neg, 0.12515607684996885, person(httpdpwebdputexasedulibutnetcat)
neg, 0.5437857049722874, person(httpwwwcsutexaseduusersjfangresumehtml)
neg, 0.14877324691208987, person(httpwwwcsutexaseduuserssfkaplanpgphtml)
neg, 0.17104399685174024, person(httpwwwcsutexaseduusersrtanmoviehtml)
neg, 0.14706008500298484, person(httpwwwutexasedutexas)
neg, 0.11675953825902213, person(httpwwwcsutexaseduusersmlchillinhtml)
neg, 0.14877324691208987, person(httpwwwcsutexaseduusersdahlinClassesGradArchindexhtml)
neg, 0.23152499888994776, person(httpwwwedscenterutexasedu)
neg, 0.14987457325617057, person(httpwwwcsutexaseduusersUTCSschedule)
neg, 0.09169564883690833, person(httpwwwcsutexaseduuserspspnotesunityhtml)
neg, 0.2642246809561248, person(httpwwwutexasedustudentslcm)
neg, 0.11675953825902213, person(httpwwwcsutexaseduusersmlfoidlhtml)
neg, 0.3475503148222794, person(httpwwwcsutexaseduusersml)
neg, 0.09261761996893832, person(httpwwwcsutexaseduusersfussellgassignmenthtml)
neg, 0.12163653799773733, person(httpwwwcsutexaseduusersyufengcshtml)
neg, 0.14877324691208987, person(httpwwwcsutexaseduusersyufengjavahtml)
neg, 0.1547817512272131, person(httpwwwcsutexaseduuserswyleerhinodescriptionhtml)
neg, 0.11041621573034678, person(httpwwwhostotsutexaseduethernetethernethomehtml)
neg, 0.11644030253012105, person(httpwwwcsutexaseduusersoraqNetSim)
neg, 0.35354597606798677, person(httpwwwcsutexaseduusersnovakweblinkshtml)
neg, 0.38615406340436004, person(httpwwwcsutexaseduusersdmcl)
neg, 0.2925766480551865, person(httpwwwcsutexaseduuserscadplaceroutehtml)
neg, 0.2766575589556258, person(httpwwwdlautexasedudeptsphilosophyfacultycauseymainhtml)
neg, 0.21987003613522108, person(httpwwwhostotsutexasedumacmainhtml)
neg, 0.28270223218495233, person(httpwwwcsutexaseduusersrvdgreportshtml)
neg, 0.5356259862854227, person(httpwwwcsutexaseduusersnnwebpubshtmlbooksirosh)
neg, 0.12611722145430793, person(httpwwwcsutexaseduusersrvdgconferencehtml)
neg, 0.22115877989383764, person(httpwwwcsutexaseduusersjoshicsdmainhtml)
neg, 0.13655897853266127, person(httpwwwcsutexaseduusersyufengtexthtml)
neg, 0.1479878996365973, person(httpwwwcsutexaseduuserslamNRLipatmhtml)
neg, 0.23057309092928965, person(httpwwwhostccutexaseduresearchfundingfedfundhtml)
neg, 0.1709884646854418, person(httpwwwcsutexaseduusersdwipcsptalecdisschedulehtml)
neg, 0.5857959790866702, person(httpwwwcsutexaseduusersshmavlsihtml)
neg, 0.45309259360649534, person(httpwwwcsutexaseduusershqliucshtml)
neg, 0.14877324691208987, person(httpwwwcsutexaseduusersyufengmpegindexhtml)
neg, 0.2215837619447855, person(httpwwwcsutexaseduusersdwipcspdiscussionsprogramminginprologhtml)
neg, 0.27641588778787374, person(httpwwwcsutexaseduuserswyleeguitarshtml)
neg, 0.48102077590083525, person(httpwwwcsutexaseduusersejpresearchhtml)
neg, 0.6679000691237647, person(ftpftpcsutexasedupubbshultsATPtechreportsINDEXhtml)
neg, 0.1709884646854418, person(httpwwwcsutexaseduusersdwipcspprogassnhtml)
neg, 0.09169564883690833, person(httpwwwcsutexaseduusersdwipcsptestsolmidtermsolhtml)
neg, 0.19292746391091936, person(httpwwwcsutexaseduusersulfadditionalhtml)
neg, 0.18034778473127963, person(httpwwwcsutexaseduusersmarcolinkshtml)
neg, 0.41731205251684317, person(httpwwwcsutexaseduusersalmstrummypagesinterestinghtml)
neg, 0.09132301751464636, person(httpwwwcsutexaseduusersnnpagessoftwarennsoftwarehtml)
neg, 0.5220017240435326, person(httpwwwcsutexaseduusersykpeicgigo)
neg, 0.7099251746914299, person(httpwwwcsutexaseduuserskharkerinfohtml)
neg, 0.15028575908645428, person(httpwwwcsutexaseduuserskornerupcspohlexamples)
neg, 0.4556134564882096, person(httpwwwcsutexaseduusersUTCScalendar)
neg, 0.12045694867080223, person(httpwwwarlututexaseduatc)
neg, 0.096523129867988, person(httpwwwcsutexaseduusersnovakcgidrawdemo)
neg, 0.3614163538878858, person(httpwwwcsutexaseduusersnlacqproppapershtml)
neg, 0.1479878996365973, person(httpwwwcsutexaseduuserssuzycspprogshtml)
neg, 0.16256566168445533, person(httpwwwcsutexaseduuserskistlerparallelhtml)
neg, 0.2841789903484221, person(httpwwwcsutexaseduusersmlnlhtml)
neg, 0.11922816088443132, person(httpwwwcsutexaseduusersfussellturninghtml)
neg, 0.14538346067444466, person(httpwwwcsutexaseduusersnovakautophtml)
neg, 0.1479878996365973, person(httpwwwcsutexaseduusersboyerpersonalhtml)
neg, 0.17277293842718514, person(httpwwwcsutexaseduusersngkinterestshtml)
neg, 0.305035819668765, person(httpwwwcsutexaseduusersdastuartfictiondir)
neg, 0.8038254558691618, person(httpwwwcsutexaseduuserslinz)
neg, 0.32723589160697886, person(httpwwwcsutexaseduusersnn)
neg, 0.5703358888320235, person(httpwwwcsutexaseduuserskharkerrocketshtml)
neg, 0.3683033350825249, person(httpwwwcsutexaseduuserstumlinreshtml)
neg, 0.11730371327418515, person(httpwwwutexaseduconsnsplace)
neg, 0.17287745598817655, person(httpmochaeceutexasedugustavo)
neg, 0.25682276914716706, person(httpwwwcsutexaseduusersqrqsimusershtml)
neg, 0.39865382818015066, person(httpwwwcsutexaseduusersmlqrhtml)
neg, 0.14877324691208987, person(httpwwwcsutexaseduusersalmstrumclassestutoriallisthtml)
neg, 0.17920329964028767, person(httpwwwcsutexaseduusersdwipcsptaoffhrshtml)
neg, 0.3432663215246607, person(httpwwwcsutexaseduusersboyeremploymenthtml)
neg, 0.21226570267934222, person(httpwwwcsutexaseduusersssinhaelecpayhtml)
neg, 0.12833325607070395, person(httpwwwdlautexasedudeptsphilosophymainhtml)
neg, 0.17037404357920322, person(httpwwwcsutexaseduusersdmclpapershtml)
neg, 0.1479878996365973, person(httpwwwcsutexaseduusersjadairevanhtml)
neg, 0.26007430445229374, person(httpwwwcsutexaseduusersalmstrumcsedwelcomehtml)
neg, 0.46698396928622554, person(httpwwwcsutexaseduuserslamNRLmembershtml)
neg, 0.1547817512272131, person(httpwwwcsutexaseduuserswyleemorerpictshtml)
neg, 0.5430297622351106, person(httpwwwcsutexaseduusersmarkngcubsdenhtml)
neg, 0.11028489265367418, person(httpwwwcsutexaseduuserslamNRLprotocoltheoryhtml)
neg, 0.29386465404125345, person(httpwwwcsutexaseduuserstwangcshindexhtml)
neg, 0.1479878996365973, person(httpwwwcsutexaseduuserssuzycsppacehtml)
neg, 0.34466875523153595, person(httpwwwcsutexaseduusersmoriartymoriartypapershtml)
neg, 0.1480952417085404, person(httpwwwutexasedustudentregistrar)
neg, 0.14185106490048777, person(ftpftpcsutexasedupubgarbageGC)
neg, 0.18654377137459902, person(httpwwwticamutexaseduGroupsCompositesindexhtml)
neg, 0.14877324691208987, person(httpwwwcsutexaseduusersyufengdescrphtml)
neg, 0.13751725898142617, person(httpwwwcsutexaseduusersluxueinternethtml)
neg, 0.6340787756173, person(httpwwwcsutexaseduusersunicrondirectoryhtml)
neg, 0.14877324691208987, person(httpwwwcsutexaseduusersnovakcsexamhtml)
neg, 0.4083346087339121, person(httpwwwcsutexaseduuserssawadaACLacldochtml)
neg, 0.15181804414468766, person(httpwwwcsutexaseduusersdwipcsptashtml)
neg, 0.4419181916885166, person(httpwwwmautexaseduusersbshultsATPbledsoestudshtml)
neg, 0.6363381717402739, person(httpwwwphutexasedu)
neg, 0.39691204324931006, person(httpwwwcsutexaseduusersestlinpubshtml)
neg, 0.26007430445229374, person(httpwwwcsutexaseduusersalmstrummypagesmentoringhtml)
neg, 0.2612720711522445, person(httpwwwcsutexaseduusersmarkjfunstuffhtml)
neg, 0.15256396406407402, person(httpwwwcsutexaseduuserskornerupcsCfurthermaterial)
neg, 0.29386465404125345, person(httpwwwcsutexaseduuserstwangcs)
neg, 0.48960619797140187, person(httpwwwcsutexaseduusersalmstrumclassescsfallsyllabushtml)
neg, 0.1479878996365973, person(httpwwwcsutexasedudocsorganizationshtml)
neg, 0.1499725099238092, person(httpwwwcsutexaseduuserszhuqingtesthtml)
neg, 0.12253020181023208, person(httpwwwcsutexaseduusersdmclcfphtml)
neg, 0.6206182463419335, person(httpwwwcsutexaseduuserssammycgispyonme)
neg, 0.6397165239074597, person(httpwwwcsutexaseduuserscadcadhtml)
neg, 0.4886825261265066, person(httpwwwcsutexaseduuserszhuqinginternethtml)
neg, 0.39214034101688244, person(httpnetcsutexaseduusersristocstcsadshusman)
neg, 0.26230255696736193, person(httpwwwcsutexaseduusersboyercoursesbackupformalmethodshtml)
neg, 0.12045694867080223, person(httpwwwhostccutexasedutexasregisteredhtml)
neg, 0.19135440302869583, person(httpwwwcsutexaseduusersnnpagesgraduatestudentsgraduatestudentshtml)
neg, 0.24017113375744134, person(httpwwwcsutexaseduuserslincst)
neg, 0.15256396406407402, person(httpwwwcsutexaseduuserskornerupcsproject)
neg, 0.6737750290222941, person(httpwwwcsutexaseduuserskharkervitahtml)
neg, 0.14877324691208987, person(httpwwwcsutexaseduusersUTCScoursesFall)
neg, 0.24418621645538446, person(httpwwwcsutexaseduuserstwangfriendthhtml)
neg, 0.12307045278205668, person(httpwwwcsutexaseduuserskorneruparianerephtml)
neg, 0.20598435939953716, person(httpwwwhostccutexaseduresearchprjadmindexhtml)
neg, 0.2437788041386642, person(httpwwwcsutexaseduuserskornerupquoteshtml)
neg, 0.3123448272788708, person(httpwwwcsutexaseduuserszchenfallhtml)
neg, 0.38228111931213365, person(httpwwwactlabutexasedu)
neg, 0.14877324691208987, person(httpwwwcsutexaseduusersyangyangcssyllabushtml)
neg, 0.5443804812470041, person(httpwwwmautexaseduusersbshultsATP)
neg, 0.12423186791777245, person(httpwwwcsutexaseduusersnnpageshomepageshomepageshtml)
neg, 0.28272237116191123, person(httpwwwutexaseduworlduniv)
neg, 0.14877324691208987, person(httpwwwcsutexaseduusersluxuecshtml)
neg, 0.1479878996365973, person(httpwwwcsutexaseduusersnovaktmycinhtml)
neg, 0.12498214629083487, person(httpwwwcsutexaseduusersmlabstractshtml)
neg, 0.11831633554735169, person(httpwwwcsutexaseduusersmooneymlcoursewelcomehtml)
neg, 0.17734234027780962, person(httpwwwcsutexaseduusershaizhouacademichtml)
neg, 0.29466801675963267, person(httpwwwcsutexaseduusersnovakcspsyllabushtml)
neg, 0.131898658911547, person(httpwwwutexaseduteamweb)
neg, 0.2699617351121583, person(httpwwwhostccutexaseduacademic)
neg, 0.19402830888877798, person(httpwwwcsutexaseduusersmluncertainhtml)
neg, 0.14877324691208987, person(httpwwwcsutexaseduusersmarkjpapershtml)
neg, 0.29386465404125345, person(httpwwwcsutexaseduusersfusselllabhtml)
neg, 0.6895183003174337, person(httpwwwcsutexaseduusersUTCSreportrecruitinghtml)
neg, 0.283216138466471, person(httpwwwhostccutexaseduresearchfundingscihtml)
neg, 0.2330399680848031, person(httpwwwcsutexaseduusersnnpagesarchivesarchiveshtml)
neg, 0.38874688774112215, person(httpwwwcsutexaseduusersqrabstractshtml)
neg, 0.4010977046862773, person(httpwwwcsutexaseduusersalmstrummypagesdissertationhtml)
neg, 0.16385132742247555, person(httpwwwcsutexaseduusersyufengtahtml)
neg, 0.1709884646854418, person(httpwwwcsutexaseduusersdwipcspschedulehtml)
neg, 0.1479878996365973, person(httpwwwcsutexaseduuserssuzycspsakhtml)
neg, 0.14877324691208987, person(httpwwwcsutexaseduusersyufengwifehtml)
neg, 0.9029812459593004, person(httpwwwcsutexaseduusershqliumyselfhtml)
neg, 0.21946484208185327, person(httpwwwcsutexaseduuserslesspeoplehtml)
neg, 0.34489980971651224, person(httpwwwcsutexaseduusersboyerfp)
neg, 0.4834158486276056, person(httpwwwcsutexaseduusersjbchomefacilitieshtml)
neg, 0.14877324691208987, person(httpwwwcsutexaseduusersdahlinbookshelfhtml)
neg, 0.31569824943777347, person(httpwwwcsutexaseduusersrdbcsT)
neg, 0.4398481336156085, person(httpwwwcsutexaseduusersdmclmemlisthtml)
neg, 0.14877324691208987, person(httpwwwcsutexaseduusersisheldonbabyhtml)
neg, 0.48102077590083525, person(httpwwwcsutexaseduusersjbchomepapershtml)
neg, 0.18091404590590252, person(httpwwwcsutexaseduusersschwartz)
neg, 0.40548989315587697, person(httpwwwcsutexaseduusersobrienresumeresumehtml)
neg, 0.2118425865372782, person(httpwwwcsutexaseduusersdragoncsfantasm)
neg, 0.15737404010756542, person(httpwwwcsutexaseduusersnnpagesalumnialumnihtml)
neg, 0.3280704335506131, person(httpwwwcsutexaseduusersnovakcsturninhtml)
neg, 0.14969640177119253, person(httpwwwcsutexaseduusersgunnelsschedjulehtml)
neg, 0.17907711663949036, person(httpwwwcsutexaseduusersestebaninterestshtml)
neg, 0.6543626479598751, person(httpwwwcsutexaseduuserstaowanghtml)
neg, 0.1537180412779462, person(httpwwwcsutexaseduusersmwbarnesClasseshtml)
neg, 0.19395882115719637, person(httpwwwcsutexaseduuserscpgRTS)
neg, 0.14877324691208987, person(httpwwwcsutexaseduusershaizhoumovieshtml)
neg, 0.09762469918458598, person(httpwwwcsutexaseduusersoopspapershtml)
neg, 0.15370834799083902, person(httpwwwticamutexasedu)
neg, 0.3077661413381143, person(httpwwwhostccutexaseduresearchunits)
neg, 0.16131075773877673, person(httpwwwcsutexaseduusersboyerpublicationshtml)
neg, 0.14877324691208987, person(httpwwwcsutexaseduusershaizhousearchhtml)
neg, 0.2740127753918116, person(httpwwwcsutexaseduusersrrajmischtml)
neg, 0.12045694867080223, person(httpwwwutexaseduutaccess)
neg, 0.16695131289020781, person(httpwwwcsutexaseduuserstwangchinesewwwhtml)
neg, 0.14877324691208987, person(httpwwwcsutexaseduusersnovakcskasghtml)
neg, 0.27893913447304086, person(httpwwwcsutexaseduusersrvdgplapack)
neg, 0.11644030253012105, person(httpwwwcsutexaseduuserslandrumcgiConventioncgi)
neg, 0.15182368864584309, person(httpwwwcsutexaseduusersfussellcsg)
neg, 0.14877324691208987, person(httpwwwcsutexaseduusersjyluochinesepapersnewspapershtml)
neg, 0.1547817512272131, person(httpwwwcsutexaseduuserswyleespotdescriptionhtml)
neg, 0.4525258014485257, person(httpwwwhostccutexaseduresearch)
neg, 0.11644030253012105, person(httpwwwcsutexaseduuserscpgTempEstesterelhtml)
neg, 0.1685174438238562, person(httpwwwcsutexaseduusersdastuarttempjdirjokesjokeshtml)
neg, 0.14877324691208987, person(httpwwwcsutexaseduusersyufengtcpiphtml)
neg, 0.22389018013539894, person(httpwwwcsutexaseduuserstwangcpphtml)
neg, 0.41579747956298624, person(httpwwwcsutexasedudocsalumnihtml)
neg, 0.20578451032980832, person(httpwwwcsutexaseduusersjbchomelinkshtml)
neg, 0.14202469151407618, person(httpwwwcsutexaseduusersnnwebpubshtmlbook)
neg, 0.1446533851312486, person(httpwwwmautexaseduusersbshultsATPvisitorshtml)
neg, 0.28185703847435656, person(httpwwwcsutexaseduusersemeryfpoophaskellfpoophaskellhtml)
neg, 0.14185106490048777, person(httpwwwarlututexaseduitgwwwhomehtml)
neg, 0.1547817512272131, person(httpwwwcsutexaseduuserswyleerkretahtml)
neg, 0.20527268212761887, person(httputsccutexasedumisindexhtml)
neg, 0.11730371327418515, person(httpwwwmautexaseduusersghrist)
neg, 0.11089619879989591, person(httpwwwcsutexaseduusersluxuetesthtml)
neg, 0.334009783306509, person(httpwwwcsutexaseduusersfussellmesaintrohtml)
neg, 0.09004571859662805, person(httpwwwcsutexaseduuserslavenderCSgnuindexhtml)
neg, 0.4408489703971391, person(httpwwwcsutexaseduusershewettresearchhtml)
neg, 0.348278274528016, person(httpwwwcsutexaseduuserssvkakkadpapershtml)
neg, 0.1301111605860819, person(httpccwfccutexaseduignasigandiahtml)
neg, 0.11239329713477476, person(ftpftpcsutexasedupubgarbagetexas)
neg, 0.3691574680639378, person(httpwwwhostccutexasedusearch)
neg, 0.14877324691208987, person(httpwwwcsutexaseduusersnovakcskhtml)
neg, 0.13109537749023387, person(httpwwwcsutexaseduuserssuzycspindexhtml)
neg, 0.23771871591737823, person(httpwwwcsutexaseduuserscadsynthesishtml)
neg, 0.2316813808106437, person(httpwwwarlututexasedu)
neg, 0.07269359897274505, person(httpwwwcsutexaseduusersschwartzprojhtm)
neg, 0.6506097713204466, person(httpwwwcsutexaseduusersjbednarhotlisthtml)
neg, 0.3601434532350875, person(httpwwwhostccutexaseduresearchvpnewshtml)
neg, 0.1364992582561595, person(httpwwwcsutexaseduusersvincsmhtml)
neg, 0.9923405614017271, person(httpwwwcsutexasedudocsgradhtml)
neg, 0.5387635998287679, person(httpwwwcsutexaseduuserslessresearchhtml)
neg, 0.13397657916473743, person(httpwwwcsutexaseduusersrvdgjournalhtml)
neg, 0.23760697644164072, person(httpwwwcsutexaseduusersnimarbookmarkshtml)
neg, 0.2863938760498103, person(httpwwwcsutexaseduusersluxuecompanyhtml)
neg, 0.11675953825902213, person(httpwwwcsutexaseduuserslandrumfamilyindexhtml)
neg, 0.36230537111824096, person(httpwwwcsutexaseduuserssriramkannadahtml)
neg, 0.3367967746957542, person(httpwwwcsutexaseduusersmlneitherhtml)
neg, 0.14185106490048777, person(ftpftpcsutexasedupubcodeXCodelib)
neg, 0.1407583720819613, person(httpwwwmautexaseduusersbshults)
neg, 0.4517438065124269, person(httpwwwcsutexaseduusersrvdgtutorialhtml)
neg, 0.5399298369009953, person(httpwwwcsutexaseduusersqr)
neg, 0.4133761225906002, person(httpwwwcsutexaseduusersvbbeosdisbmhtml)
neg, 0.111475417310717, person(httpwwwcsutexaseduusersykpeimobilehtml)
neg, 0.1210377973392887, person(httpwwwcsutexaseduuserssmaragdresearchhtml)
neg, 0.1479878996365973, person(httpwwwcsutexaseduusersUTCSfacfaqs)
neg, 0.16695131289020781, person(httpwwwcsutexaseduuserstwanglogshtml)
neg, 0.1581999493235352, person(httpwwwcsutexaseduusersnnpagesdemosdemoshtml)
neg, 0.20050817356864306, person(httpwwwcsutexaseduuserscadhiperfhtml)
neg, 0.3883805281417287, person(httpwwwcsutexaseduusershiepdevplacehtml)
neg, 0.23884675915676373, person(httpwwwcsutexaseduuserscadpartitionhtml)
neg, 0.14185106490048777, person(ftpftpcsutexasedupubfusselltkbook)
neg, 0.43493527291617357, person(httpwwwcsutexasedudocsclasseshtml)
neg, 0.1843296304610637, person(httpwwwcsutexaseduuserslavenderCS)
neg, 0.264492324432794, person(httpwwwcsutexasedudocspublicationshtml)
neg, 0.17184023708531984, person(httpwwwutexasedustudentstamilsa)
neg, 0.5248377477336028, person(httpwwwcsutexaseduuserszhuqingchinahtml)
neg, 0.16386190816083077, person(httpwwwcsutexaseduusersbertmypapershtml)
neg, 0.14185106490048777, person(ftpftpcsutexasedupubbshults)
neg, 0.10033856129377117, person(httpwwwcsutexaseduusersoops)
neg, 0.5997694745169327, person(httpwwwdccutexasedusafetylabman)
neg, 0.29487467524004884, person(httpwwwcsutexaseduusersxguoPhoto)
neg, 0.14185106490048777, person(ftpftpcsutexasedupubmooneynlilpdata)
neg, 0.2263081592122776, person(httpwwwcsutexaseduuserssakcrechtml)
neg, 0.2550098640146055, person(httpwwwcsutexaseduusershqliuinternethtml)
neg, 0.13751725898142617, person(httpwwwcsutexaseduusersluxuechinahtml)
neg, 0.2962380665330054, person(httpwwwcsutexaseduusersndalebookshtm)
neg, 0.8812876597438938, person(httpwwwcsutexaseduuserscode)
neg, 0.24576014195893175, person(httpwwwcsutexaseduusersckwongJavasecurityindexhtml)
neg, 0.1271115860247495, person(httpwwwcsutexaseduusersqrwhatsnewhtml)
neg, 0.15082227017905872, person(httpwwwdlautexasedudeptsengl)
neg, 0.4069190083726241, person(httpwwwutexaseducons)
neg, 0.3531591923054248, person(httpwwwcercutexasedu)
neg, 0.17215424104296026, person(httpwwwcsutexaseduusersmlmlprogshtml)
neg, 0.16550146576495797, person(httpwwwcsutexaseduusersluxueclasshtml)
neg, 0.42856408722357053, person(httpwwwcsutexaseduusersndaleprofilehtm)
neg, 0.5469677977408013, person(httpwwwhostccutexaseduresearchvplocalhtml)
neg, 0.1923935117833528, person(httpwwwcsutexaseduusersrvdgsoftwarehtml)
neg, 0.6707116587843788, person(httpwwwcsutexaseduuserssfkaplancshtml)
neg, 0.18735082433051334, person(httpwwwcsutexaseduuserswyleercacinghtml)
neg, 0.23971027638520595, person(httputsccutexaseduyucoursesclientserverdirectoryhtml)
neg, 0.6306425101679478, person(httpwwwcsutexaseduusersshmacachtml)
neg, 0.2940838397276342, person(httpwwwcsutexaseduusersjadaircompoundhtml)
neg, 0.14877324691208987, person(httpwwwcsutexaseduusershaizhouchinesehtml)
neg, 0.23212572884042681, person(httpwwwutexasedustudentregistrarschedulesspringfrcontentshtml)
neg, 0.14185106490048777, person(httpcismbusutexaseducoursebaruafallcoursehtml)
neg, 0.08953777424232127, person(ftpftpcsutexasedupubgarbagecsschintrovschintrotochtml)
neg, 0.21798405925000114, person(httpwwwcsutexaseduusersailabdreamhtml)
neg, 0.16623484704213393, person(httpwwwcsutexaseduusersdastuartmiscfoodhtml)
neg, 0.5002241978689557, person(httpwwwcsutexaseduuserskharkerpoliticshtml)
neg, 0.16391242065526504, person(httpwwwutexasedugeneral)
neg, 0.1630121637988897, person(httpwwwcsutexaseduusersboyerhowtognuatuthtml)
neg, 0.21686004220834862, person(httpwwwcsutexaseduusersmooneyai)
neg, 0.3577177406678559, person(httpwwwcsutexaseduuserslandrumResumehtml)
neg, 0.14877324691208987, person(httpwwwcsutexaseduusersjbednarpapershtml)
neg, 0.2671241601751493, person(httpwwwcsutexaseduusersrupertacademichtml)
neg, 0.22494621208656618, person(httpwwwcsutexaseduusersnnpagesinfosourcesinfosourceshtml)
neg, 0.28428550827190874, person(httpwwwhostccutexaseduresearchcommittees)
neg, 0.26818537186547764, person(httpwwwmautexasedu)
neg, 0.20527268212761887, person(httpwwwcsutexaseduusersboyereducationhtml)
neg, 0.4039303676995701, person(httpwwwcsutexaseduusersqzuoguestbookhtml)
neg, 0.14332393174161231, person(httpwwweceutexasedu)
neg, 0.14877324691208987, person(httpwwwcsutexaseduuserslorenzocorsicsF)
neg, 0.12253020181023208, person(httpwwwcsutexaseduusersnovakcgilispserver)
neg, 0.07851558713392606, person(httpwwwcsutexaseduusersdahlinClassesWebOSreadinghtml)
neg, 0.49700096125996807, person(httpwwwcsutexaseduuserszhuqingbeijinghtml)
neg, 0.14877324691208987, person(httpwwwcsutexaseduuserslandrumMailVirushtml)
neg, 0.16402594615457466, person(httpwwwcsutexaseduusersnnpagespublicationspublicationshtml)
neg, 0.34466875523153595, person(httpwwwcsutexaseduusersgunnelsNonTransposeindexhtml)
neg, 0.18163297407203283, person(httpwwwcsutexaseduusersmarkngpointshtml)
neg, 0.12014164245334218, person(httpwwwcsutexaseduusersnnstatsreportsindexhtml)
neg, 0.14877324691208987, person(httpwwwcsutexaseduuserslavenderCSFallsyllabushtml)
neg, 0.2021294679362821, person(httpwwwcsutexaseduuserslorenzopublicationshtml)
neg, 0.2841789903484221, person(httpwwwcsutexaseduusersmlspeeduphtml)
neg, 0.23955073918545144, person(httpwwwcsutexaseduuserssyuresumehtml)
neg, 0.14877324691208987, person(httpwwwcsutexaseduuserssammyplasigninhtml)
neg, 0.28860914800964704, person(httpwwwcsutexaseduusersrupertcogscihtml)
neg, 0.4294849148365828, person(httpwwwcsutexaseduuserskharkerworkhtml)
neg, 0.2612720711522445, person(httpwwwcsutexaseduusersjbchomeresearchhtml)
neg, 0.12253020181023208, person(httpwwwcsutexaseduusersnovakcgivipdemo)
neg, 0.14877324691208987, person(httpwwwcsutexaseduusersnovakcsfinalhtml)
neg, 0.29386465404125345, person(httpwwwcsutexaseduusersgajitfilesindexhtml)
neg, 0.2933779525662719, person(httpwwwcsutexaseduusersailabailabothershtml)
neg, 0.23608963244579614, person(httpwwwutexaseduogs)
neg, 0.27355424160483455, person(httpwwwcsutexaseduusershewettvitahtml)
neg, 0.14877324691208987, person(httpwwwcsutexaseducgihtimageusersmartymimagestestmap)
neg, 0.10456885525810583, person(httpwwwcsutexaseduusersdwipcsparticleshtml)
neg, 0.23809599879169116, person(httpwwwcsutexaseduusersmfkb)
neg, 0.15738345807940468, person(httpwwwcsutexaseduusersdastuartplacesvideohtml)
neg, 0.12319998457541466, person(httpwwwcsutexaseduuserssriramothersiteshtml)
neg, 0.12673752039802, person(httpwwwcsutexaseduusersnnpagesgeneraltoolsgeneraltoolshtml)
neg, 0.11644030253012105, person(httpwwwcsutexaseduusersnovakcshtml)
neg, 0.4301032274019761, person(httpwwwcsutexaseduusersdastuartplacessportshtml)
neg, 0.40736262647362625, person(httprhineeceutexasedustephencautocounterhtml)
neg, 0.10396675791807261, person(httpwwwlibutexasedu)
neg, 0.34466875523153595, person(httpwwwcsutexaseduuserscxhfamilyhtml)
neg, 0.17112046353738172, person(httpwwwcsutexaseduuserspkntexhtml)
neg, 0.42212461775868093, person(httpwwwcsutexaseduuserskharkerpgphtml)
neg, 0.687302808366449, person(httpwwwcsutexaseduusersmwbarnesGoodPageshtml)
neg, 0.14877324691208987, person(httpwwwcsutexaseduuserslandrumgglandrumindexhtml)
neg, 0.14877324691208987, person(httpwwwcsutexaseduusersbertdomspringbankhtml)
neg, 0.17398090993642082, person(httpwwwcsutexaseduuserssuzycspproglabhtml)
neg, 0.17555040463079144, person(httpwwwcsutexaseduuserssammyanagramhtml)
neg, 0.14877324691208987, person(httpwwwcsutexaseduusersgunnelsdatahtml)
neg, 0.9201296932826285, person(httpwwwcsutexaseduusersdwipcspcsphtml)
neg, 0.39865382818015066, person(httpwwwcsutexaseduusersmlitshtml)
neg, 0.34466875523153595, person(httpwwwcsutexaseduusersgunnelsTransposeindexhtml)
neg, 0.14969640177119253, person(httpwwwcsutexaseduuserszhuqingbrohtml)
neg, 0.3451719892260143, person(httpwwwcsutexaseduusersvlrsachtml)
neg, 0.21649215351410428, person(httpwwwcsutexaseduusersristocsnn)
neg, 0.14877324691208987, person(httpwwwcsutexaseduusersbertdomindexhtml)
neg, 0.3303199531721437, person(httpwwwcsutexaseduuserslavenderCSFallannouncehtml)
neg, 0.46029200248456364, person(httpwwwcsutexaseduuserssuzycsptalisthtml)
neg, 0.14877324691208987, person(httpwwwcsutexaseduusersUTCScoursesSpring)
neg, 0.09169564883690833, person(httpwwwcsutexaseduusersadamsvrmlindexhtml)
neg, 0.4294849148365828, person(httpwwwcsutexaseduuserskharkeracademicshtml)
neg, 0.26007430445229374, person(httpwwwcsutexaseduusersUTCSvisitorscgishowlist)
neg, 0.15383752809371765, person(httpwwwcsutexaseduuserscodealumnihtml)
neg, 0.4345053928094168, person(httpwwwcsutexaseduuserszhuqingaustinhtml)
neg, 0.11922816088443132, person(httpwwwcsutexaseduuserslavenderstlindexhtml)
neg, 0.14877324691208987, person(httpwwwcsutexaseduusersyufengmoneyhtml)
neg, 0.26084420614035503, person(httpwwwcsutexaseduuserslavenderCSFallprogramsindexhtml)
neg, 0.14877324691208987, person(httpwwwcsutexaseducgirwhosunghee)
neg, 0.5857959790866702, person(httpwwwcsutexaseduusersshmamamhtml)
neg, 0.14877324691208987, person(httpwwwcsutexaseduusersjbchomevitahtml)
neg, 0.11857705092853948, person(httpwwwcsutexaseduuserslamNRLvideoserviceshtml)
neg, 0.14987457325617057, person(httpwwwcsutexaseduusersmarkngvisithtml)
neg, 0.20131475120148318, person(httpwwwcsutexaseduusersqrQRoverviewhtml)
neg, 0.14877324691208987, person(httpwwwcsutexasedudocsprogramshtml)
neg, 0.2215837619447855, person(httpwwwcsutexaseduusersmarcoabstracthtml)
neg, 0.5703358888320235, person(httpwwwcsutexaseduuserskharkerbhtml)
neg, 0.14969640177119253, person(httpwwwcsutexaseduusersUTCScourses)
neg, 0.3158624170808985, person(httpwwwcsutexaseduuserskuipersagentshtml)
neg, 0.7408343783703168, person(httpwwwcsutexaseduuserskruegeri)
neg, 0.11730371327418515, person(httpwwwutexasedustudentsxcouncil)
neg, 0.17906334943693486, person(httpwwwcsutexasedudocsuniversityhtml)
neg, 0.11743010732159662, person(httpwwwcsutexaseduusersdmclresearchhtml)
neg, 0.13658347022278472, person(httpwwwcsutexaseduusersschwartzpubhtm)
neg, 0.4412573295400153, person(httpwwwcsutexaseduusersnlacqpaperhistoryhtml)
neg, 0.17112046353738172, person(httpwwwcsutexaseduusersjyluochinesescenerysceneryhtml)
neg, 0.14877324691208987, person(httpwwwcsutexaseduusersrvdgfamilyhtml)
neg, 0.24034611041946796, person(httpwwwhostccutexaseduresearchfundingindexhtml)
neg, 0.14877324691208987, person(httpwwwcsutexaseduuserskornerupmapsmapshtml)
neg, 0.49084913976484795, person(httpwwwcsutexaseduusersmarkngmyselfhtml)
neg, 0.1479878996365973, person(httpwwwcsutexaseduuserssuzycspintrohtml)
neg, 0.7298306736528057, person(httpwwwcsutexaseduusershiepnetjavhtml)
neg, 0.1571509211186263, person(httpwwwhostccutexasedustudents)
neg, 0.2242824759193457, person(httpwwwcsutexaseduusersyufengcarhtml)
neg, 0.18034778473127963, person(httpwwwcsutexaseduuserssriramimageshtml)
neg, 0.14877324691208987, person(httpwwwcsutexaseduusersyufengprerhtml)
neg, 0.3255748733294776, person(httpwwwcsutexaseduuserslavenderCSFalllecturesindexhtml)
neg, 0.9063974921624899, person(httpwwwcsutexaseduuserssfkaplanbiohtml)
neg, 0.14877324691208987, person(httpwwwcsutexaseduusersyufenggradehtml)
neg, 0.18629298252890228, person(httpwwwhostccutexaseducomputer)
neg, 0.23884675915676373, person(httpwwwcsutexaseduusersadamshhpagehtml)
neg, 0.1493230729661301, person(httpwwwcsutexaseduusersmirankertindexhtml)
neg, 0.1478992693434947, person(httpwwwcsutexaseduusersqralgernonhtml)
neg, 0.5895967975548403, person(httpwwwcsutexasedudocsprofhtml)
neg, 0.14877324691208987, person(httpwwwcsutexaseduuserslesssloganhtml)
neg, 0.1479878996365973, person(httpwwwcsutexasedudocsfindinghtml)
neg, 0.13846167273550244, person(httpwwwcsutexaseduusersnovakpapershtml)
neg, 0.15656047086671018, person(httpwwwcsutexaseduusersnovakdwindowhtml)
neg, 0.3873260099159952, person(httpwwwcsutexaseduusersgregoryhmainhtml)
neg, 0.4213896497700844, person(httpwwwcsutexasedudocsresearchhtml)
neg, 0.7017753688307352, person(httpwwwcsutexaseduusershewettothershtml)
neg, 0.3749738833949798, person(httpnetcsutexaseduuserskuipersyellowpageshtml)
neg, 0.189333636384886, person(httpwwwhostccutexaseduresearchfundingprivfundhtml)
neg, 0.4189514484922211, person(httpwwwhostccutexaseduresearchosp)
neg, 0.3404694532995345, person(httpwwwcsutexaseduusershewettpersonalhtml)
neg, 0.1767118787397344, person(httpwwwcsutexaseduusersbertresearchhtml)
neg, 0.46604647536223204, person(httpwwwcsutexaseduusersrupertintrohtml)
neg, 0.14877324691208987, person(httpwwwcsutexaseduuserslandrummtempireBackboneRockhtml)
neg, 0.1479878996365973, person(httpwwwcsutexaseduusersboyerboyerphotohtml)
neg, 0.09261761996893832, person(httpwwwcsutexaseduusersisheldonraytraceindexhtml)
neg, 0.18735082433051334, person(httpwwwcsutexaseduuserswyleeroverdescriptionhtml)
neg, 0.09323048695631034, person(httpwwwcsutexaseduusersmlaccelhtml)
neg, 0.13235194459963343, person(httpwwwcsutexaseduusersvlrfhtml)
neg, 0.3437955188324082, person(httpwwwcsutexaseduusershewettlocatehtml)
neg, 0.14877324691208987, person(httpwwwcsutexaseduusershaizhouindustryhtml)
neg, 0.14877324691208987, person(httpwwwcsutexaseduusersejppapershtml)
neg, 0.16650280564946648, person(httpwwwmautexaseduusersbshultsATPboyerstudshtml)
neg, 0.3408079437513839, person(httpwwwcsutexaseduusershiepresumehtml)
neg, 0.3432663215246607, person(httpwwwcsutexaseduusersrvdgstudentshtml)
neg, 0.3003642440804009, person(httpwwwcsutexaseduusersgracsadviceadvicehtml)
neg, 0.07118805618908008, person(httpwwwcsutexaseduuserssammybddflowgraphhtml)
neg, 0.18179099975644986, person(httpwwwcsutexaseduuserssuzycsptestroomhtml)
neg, 0.16022089724373434, person(httpwwwcsutexaseduusersmooneycswelcomehtml)
neg, 0.30804096353835536, person(httpwwwcsutexaseduusersyangyangcs)
neg, 0.14877324691208987, person(httpwwwcsutexaseduuserswchenfeedbackhtml)
neg, 0.48811662244238285, person(httpwwwcsutexaseduusersdastuartplaces)
neg, 0.613580110531544, person(httpwwwcsutexaseduusersmarkjzentimerhtml)
neg, 0.47421523922032477, person(httpwwwcsutexaseduuserspecinaResumehtml)
neg, 0.1434303133733656, person(httpwwwmautexaseduusersbshultsIPRatphtml)
neg, 0.4571553783012826, person(httpwwwcsutexaseduuserszhouxiaoinstitutehtml)
neg, 0.14285575002176196, person(httpwwwcsutexaseduusersvincslhtml)
neg, 0.15181035723069494, person(httpwwwhostutexasedumapsmainoverview)
neg, 0.14615039351861292, person(httpwwwhostccutexaseduresearchpropdevindexhtml)
neg, 0.5447923376355689, person(httpwwwcsutexaseducgifingerdiz)
neg, 0.4301032274019761, person(httpwwwcsutexaseduusersdastuartfictiondirsfdir)
neg, 0.11730371327418515, person(httpwwwutexasedustudentsutsquash)
neg, 0.2925766480551865, person(httpdevileceutexasedulynchdividedividehtml)
neg, 0.1479878996365973, person(httpwwwcsutexaseduusersboyercoursesindexhtml)
neg, 0.42476059345146366, person(httpwwwcsutexaseduusersmarkjsomersethtml)
neg, 0.2713625786430084, person(httpcismbusutexasedu)
neg, 0.11089619879989591, person(httpwwwcsutexaseduuserslavenderCSFallhomeworkindexhtml)
neg, 0.18034778473127963, person(httpwwwcsutexaseduusersshenoyofficehtml)
neg, 0.14969640177119253, person(httpwwwcsutexaseduuserslandrummtempireindexhtml)
neg, 0.29854335656400793, person(httpwwwcsutexaseduusersmwbarnesTypeMappinghtml)
neg, 0.27220783569894513, person(httpwwwcsutexaseduusersfussellgraintrohtml)
neg, 0.4936782028055708, person(httpwwwcheutexasedu)
neg, 0.34466875523153595, person(httpwwwcsutexaseduusersajohnpublicationshtml)
neg, 0.2138003888090112, person(httpwwwcsutexaseduusersyufengprofessorhtml)
neg, 0.2963707947974235, person(httpwwwcsutexaseduusersyschoecgilsksa)
neg, 0.14877324691208987, person(httpwwwcsutexaseduusersberttwinshtml)
neg, 0.29386465404125345, person(httpwwwcsutexaseduusershqliuvlsihtml)
neg, 0.2364364926067453, person(httpwwwcsutexaseduuserspspseussoverviewhtml)
neg, 0.15256396406407402, person(httpwwwcsutexaseduuserskornerupcskornerupslides)
neg, 0.14877324691208987, person(httpwwwcsutexaseduuserspknibmhtml)
neg, 0.23279916893789362, person(httpwwwcsutexaseduusersjfangtestcgihtml)
neg, 0.12319998457541466, person(httpwwwcsutexaseduusershseupingcsthtml)
neg, 0.14877324691208987, person(httpwwwcsutexaseduuserszhuqingdancinghtml)
neg, 0.6544082621890169, person(httpwwwcsutexaseduusersboyerplaceshtml)
neg, 0.41299066651886357, person(httpwwwcsutexaseduuserspsp)
neg, 0.1172997482155423, person(httpwwwcsutexasedudocsacademicshtml)
neg, 0.16870048449443842, person(httpwwwcsutexaseduuserscilk)
neg, 0.14877324691208987, person(httpwwwcsutexaseduusersjfangtotalindexhtml)
neg, 0.773155214676151, person(httpwwwcsutexaseduuserscodeLicensehtml)
neg, 0.2572653004078268, person(httpwwwhostccutexaseduresearchresourcesindexhtml)
neg, 0.2704614976188368, person(httpwwwcsutexaseduusersrdbcs)
neg, 0.096523129867988, person(httpwwwcsutexaseduusersnovakcgixgcldemo)
neg, 0.14185106490048777, person(httpherculescsresutexasedu)
neg, 0.1547817512272131, person(httpwwwcsutexaseduuserswyleemyphdproposalabstracthtml)
neg, 0.45459552105444345, person(httpwwwcsutexaseduuserskharkerfunhtml)
neg, 0.6294512601979699, person(httpwwwcsutexaseduusersalmstrumclassescsfall)
neg, 0.2258258786635104, person(httpwwwcsutexaseduusersbayardopapershtml)
neg, 0.1630121637988897, person(httpwwwcsutexaseduusersboyerhonorshtml)
neg, 0.3023596488108484, person(httpwwwcsutexaseduuserskharkerlinuxhtml)
neg, 0.7866537441237355, person(httpwwwcsutexaseduusersshmahwvhtml)
neg, 0.18004407736869613, person(httpwwwcsutexaseduuserswilsoncshtml)
neg, 0.14877324691208987, person(httpwwwcsutexaseduusersyufengchtml)
neg, 0.11730371327418515, person(httpwwwcsresutexaseduxguoFoliage)
neg, 0.14877324691208987, person(httpwwwcsutexaseduusersdionisisexamplehtml)
neg, 0.14877324691208987, person(httpwwwcsutexaseduuserslandrumcgiRetreatcgi)
neg, 0.6596471917136302, person(httpwwwcsutexaseduusersnlacq)
neg, 0.21016289028228768, person(httpwwwcsutexaseduuserscodecodepublications)
neg, 0.5046003486170001, person(httpwwwcsutexaseduusersnimarresumehtml)
neg, 0.14145356756695313, person(httpwwwcsutexaseduusersdastuartvideodirindexhtml)
neg, 0.14515829584305212, person(httpwwwcsutexaseduusersrvdgintercomindexhtml)
neg, 0.14877324691208987, person(httpwwwcsutexaseduuserstewarisiteshtml)
neg, 0.5857959790866702, person(httpwwwcsutexaseduusersshmactlhtml)
neg, 0.35920319486300156, person(httpwwwutexasedustudentorgs)
neg, 0.3025697894483262, person(httpwwwcsutexaseduusersdragoncs)
neg, 0.19019141652705931, person(httpwwwcsutexaseduusersalmstrumclasseswelcomehtml)
neg, 0.1479878996365973, person(httpwwwcsutexaseduusersrvdgbookhtml)
neg, 0.15080335128419023, person(httpwwwcsutexaseduusersrupertresearchhtml)
neg, 0.14877324691208987, person(httpwwwcsutexaseduuserszhuqingdanchtml)
neg, 0.1571552043254959, person(httpwwwcsutexaseduusersmltheoryrevhtml)
neg, 0.07357595332221942, person(httpwwwcsutexaseduuserslamNRLnetworksecurityhtml)
neg, 0.14185106490048777, person(ftpftpcsutexasedupubgarbage)
neg, 0.3106769623176012, person(httpwwwcsutexaseduusersskumarresumehtml)
neg, 0.39691204324931006, person(httpwwwcsutexaseduuserscthomppubshtml)
neg, 0.13785614091712517, person(httpwwwcsutexaseduuserslavenderCSsocketindexhtml)
neg, 0.14877324691208987, person(httpwwwcsutexaseduuserstwangcsg)
neg, 0.47510546877592563, person(httpwwwcsutexaseduuserschaputinterhtml)
neg, 0.20628842583569337, person(httpwwwcsutexaseduusersoguernewshtml)
neg, 0.1479878996365973, person(httpwwwcsutexaseduuserssuzycspdalehtml)
neg, 0.2532299021892971, person(httpwwwcsutexaseduuserskornerupcs)
neg, 0.14877324691208987, person(httpwwwcsutexaseduusersyufengxwhtml)
neg, 0.14877324691208987, person(httpwwwcsutexaseduusersyangyangcshwhtml)
neg, 0.29386465404125345, person(httpwwwcsutexaseduusershqliufunhtml)
neg, 0.14877324691208987, person(httpwwwcsutexaseduusershaizhoujobshtml)
neg, 0.135186698502376, person(httpwwwcsutexaseduuserscodeCODEHPCwirearticlehtml)
neg, 0.21671763955293263, person(httpwwwhostccutexaseduadministrative)
neg, 0.10173292370262085, person(httpwwwcsutexaseduusersnnpagesconferencesconferenceshtml)
neg, 0.334009783306509, person(httpwwwcsutexaseduuserschaputcatchhtml)
neg, 0.14877324691208987, person(httpwwwcsutexaseduusersqimingXmascard)
neg, 0.697857722666686, person(httpwwwcsutexaseduuserschaputresumehtml)
neg, 0.14687611065195613, person(httpwwwcsutexaseduusersschwartzsoftwarehtm)
neg, 0.1673977126215878, person(httpwwwcsutexaseduusersfussellcshtml)
neg, 0.1709884646854418, person(httpwwwcsutexaseduusersdwipcspstudyguidehtml)
neg, 0.17532169482325424, person(httpwwwcsutexaseduusersdionisismmdindexhtml)
neg, 0.09040474795771804, person(httpwwwcsutexaseduuserscodeCodeIntroductionhtml)
neg, 0.1541526363910424, person(httpwwwcsutexaseduusersnnpagesnewsgroupsnewsgroupshtml)
neg, 0.4543710080989984, person(httpwwwutexasedustudentregistraraboutschedshtml)
neg, 0.2612720711522445, person(httpwwwcsutexaseduusersrrajcshtml)
neg, 0.1616554436714435, person(httpwwwcsutexasedu)
neg, 0.5205220707672781, person(httpwwwcsutexaseduusersless)
neg, 0.2095906126292876, person(httpwwwcsutexaseduusersboyertenureindexhtml)
neg, 0.6672061072064321, person(httpwwwutexasedu)
neg, 0.23004689500500805, person(httpwwwcsutexaseduusersqrroboticshtml)
neg, 0.1479878996365973, person(httpwwwcsutexaseduuserslorenzoprivateMariamariahtml)
neg, 0.2056625216622893, person(httputsccutexaseduhellasindexhtml)
neg, 0.48501053823313084, person(httpwwwcsutexaseduusersmirankertwebprogramminghtml)
neg, 0.23182142220949803, person(httpwwwcsutexaseduuserslesssponsorshtml)
neg, 0.28544494437290996, person(httpwwwcsutexaseduusersmlabductionhtml)
neg, 0.1446533851312486, person(httpwwwmautexaseduusersbshultsIPRknowledgeusinghtml)
neg, 0.6230552919319521, person(httpwwwcsutexaseduuserswyleeRobotGroupindexhtml)
neg, 0.5845357300187256, person(httpwwwcsutexaseduuserszhuqingresumehtml)
neg, 0.4027222596784296, person(httpmapleeceutexasedu)
neg, 0.17112046353738172, person(httpwwwcsutexaseduusersoguersdbphtml)
neg, 0.3202383305657965, person(httpwwwcsutexaseduusersestebanrecreatehtml)
neg, 0.23118138494453647, person(httpwwwcsutexaseduusersqrQRbookhtml)
neg, 0.22308394804711745, person(httpwwwcsutexaseduusersdahlinroothtml)
neg, 0.09209663597693854, person(httpwwwcsutexaseduusersfussellassignmenthtml)
neg, 0.18082526320005327, person(httpwwwcsutexaseduusersnovakphysicshtml)
neg, 0.09526238863499953, person(httpwwwcsutexaseduusersnovakcgiapserver)
neg, 0.4797145151885904, person(httpwwwcsutexaseduusersndalestudenthtm)
neg, 0.1479878996365973, person(httpwwwcsutexaseduuserspspnewunityhtml)
neg, 0.1709884646854418, person(httpwwwcsutexaseduusersdwipcspprogsolhtml)
neg, 0.1379006423272472, person(httpwwwhostccutexaseduresearchvpindexhtml)
neg, 0.1560584445955458, person(httpwwwcsutexaseduusersqralumnihtml)
neg, 0.14877324691208987, person(httpwwwcsutexaseduusersgunnelsOctindexhtml)
neg, 0.21782528813992255, person(httpwwwutexasedumapsmainbuildingstayhtml)
neg, 0.16027337128493305, person(httpwwwcsutexaseduusersboyercoursescstspringhtml)
neg, 0.46397601880172995, person(httpwwwcsutexaseduuserskharkercyberspacehtml)
neg, 0.14877324691208987, person(httpwwwcsutexaseduusersxfengcstimetablehtml)
neg, 0.34466875523153595, person(httpwwwcsutexaseduusersrtandfrhtml)
neg, 0.18034778473127963, person(httpwwwcsutexaseduusersyufengtravelhtml)
neg, 0.3264450483510708, person(httpwwwhostccutexaseduworld)
neg, 0.21405501075441002, person(httpwwwcsutexaseduusersshenoypapershtml)
neg, 0.6998292213758858, person(httpwwwcsutexaseduuserskharkerresumehtml)
neg, 0.7367509224304476, person(httpwwwcsutexaseduusersrvdgworkshophtml)
neg, 0.14877324691208987, person(httpwwwcsutexaseduusersfussellwalkerhtml)
neg, 0.16448585912041688, person(httpwwwcsutexaseduusersvincsthtml)
neg, 0.1518240857872265, person(httpwwwcsutexaseduusersnovakunitshtml)
neg, 0.3432663215246607, person(httpwwwcsutexaseduusersUTCSCSdescriptionhtml)
neg, 0.1349568693306365, person(httpwwwutexaseduaustin)
neg, 0.14877324691208987, person(httpwwwcsutexaseduusersyufengwinhtml)
neg, 0.16655534160308527, person(httpwwwutexasedustudentregistrarcalshtml)
neg, 0.12253020181023208, person(httpwwwcsutexaseduusersnovakcgiunitsdemo)
neg, 0.5056767545312284, person(httpwwwcsutexaseduusersdastuartdashtml)
neg, 0.29854335656400793, person(httpwwwcsutexaseduusersmwbarnesResNoteshtml)
neg, 0.11982693152237474, person(httpwwwcsutexaseduusersvlteachingdescriptionLhtml)
neg, 0.7516424293480702, person(httpwwwhostccutexaseduresearchospgafhtml)
neg, 0.23517263772499047, person(httpwwwcsutexaseduusersmlilphtml)
neg, 0.12253020181023208, person(httpwwwcsutexaseduusersnovakcgiisaacdemo)
neg, 0.33371275499731007, person(httpwwwcsutexaseduusersristocstcs)

